,Homecount16,Homebarrelcount16,Homebarrelrate2016
Alex Bregman,51,6,0.117647059
Brian McCann,121,9,0.074380165
Carlos Beltran,145,11,0.075862069
Carlos Correa,152,16,0.105263158
Evan Gattis,77,5,0.064935065
George Springer,161,9,0.055900621
Jake Marisnick,67,5,0.074626866
Jose Altuve,161,30,0.186335404
Josh Reddick,82,13,0.158536585
Marwin Gonzalez,116,20,0.172413793
Norichika Aoki,104,23,0.221153846
Yuli Gurriel,37,6,0.162162162
